retained,1,2896,60254791
prepare,1,18784,60014375
prepare_use,1,2480,60365958
projective_affine,1,2256,60205417
retained,8,368,60154875
prepare,8,4704,60085458
prepare_use,8,352,61952375
projective_affine,8,336,60263375
retained,16,192,63291292
prepare,16,2816,60316792
prepare_use,16,176,61151125
projective_affine,16,176,62131958
retained,32,112,68137875
prepare,32,1568,60400375
prepare_use,32,96,61189417
projective_affine,32,96,64961166
retained,50,80,71496667
prepare,50,1040,60308125
prepare_use,50,64,60874125
projective_affine,50,64,64863125
retained,64,64,72079583
prepare,64,816,60716125
prepare_use,64,64,78164000
projective_affine,64,48,61187167
retained,100,48,82016750
prepare,100,528,60031750
prepare_use,100,48,88319958
projective_affine,100,32,62306791
retained,128,32,69953250
prepare,128,416,60160792
prepare_use,128,32,74362916
projective_affine,128,32,78706500
retained,256,16,68463083
prepare,256,224,64293666
prepare_use,256,16,72711208
projective_affine,256,16,77126875
retained,512,16,135552250
prepare,512,112,63698583
prepare_use,512,16,146103833
projective_affine,512,16,153213417
retained,2048,16,535662417
prepare,2048,32,72854334
prepare_use,2048,16,578306167
projective_affine,2048,16,625229167
