retained,1,4640,60089959
prepare,1,28416,60009750
prepare_use,1,3984,60043458
projective_affine,1,4112,60180750
retained,8,608,60609542
prepare,8,7472,60093458
prepare_use,8,560,60933375
projective_affine,8,560,61153917
retained,16,304,61577917
prepare,16,4672,60070292
prepare_use,16,288,63187792
projective_affine,16,272,61152709
retained,32,144,60149334
prepare,32,2592,60133000
prepare_use,32,144,62291792
projective_affine,32,128,65364083
retained,50,96,61833708
prepare,50,1760,60208292
prepare_use,50,96,65151417
projective_affine,50,80,60139541
retained,64,80,68868875
prepare,64,1392,60533167
prepare_use,64,80,72459292
projective_affine,64,80,73880416
retained,100,48,61990500
prepare,100,928,60914458
prepare_use,100,48,65388333
projective_affine,100,48,69838500
retained,128,48,79098208
prepare,128,720,60394750
prepare_use,128,48,82380291
projective_affine,128,48,85015875
retained,256,32,105547000
prepare,256,368,61845333
prepare_use,256,32,103351375
projective_affine,256,32,110097417
retained,512,16,94299125
prepare,512,192,63480333
prepare_use,512,16,101064417
projective_affine,512,16,106384042
retained,2048,16,363476792
prepare,2048,48,62332750
prepare_use,2048,16,383837375
projective_affine,2048,16,415279583
